Name,Chain,Address,Lat,Lng,Arktika,Arktika eriti kange,X-TREME,Black
Abacus Tankla,Muu,Tartumaa Reola,58.3004756,26.6942977,,,,
Alko1000 Tartu,Alko1000,Tehnika tänav 13 Tartu,58.3477959,26.7436424,,,,
Alko1000 Viljandi,Alko1000,"Lossi 41a, 71007, Viljandi",58.3677712,25.6002181,,,,
Alko1000 Võru,Alko1000,Pikk tänav 2a Võru,57.8420269,27.0215315,,,,
Anna Kütus,Muu,"Anna Küla, Paide vald, Järvamaa",59.0050005,25.6023141,,,,
Calle Estonia OÜ,Muu,"Ahtri tn 9 Kesklinna linnaosa, Tallinn Harju maakond",59.4398291,24.7612686,,,,
Cannashop Võru,Muu,"Kooli 6, Võru, 65606 Võru maakond",57.8459535,27.008621,,,,
Circle K Adavere,Circle K,"Adavere alevik, Põltsamaa vald, 48001 Jõgevamaa",58.7081824,25.8973975,,,,
Circle K Aravete,Circle K,"Märjandi küla, Ambla vald, 73513 Järvamaa",59.1964384,25.8549287,,,,
Circle K Balti jaama pood,Circle K,"Toompuiestee 37, 10133, Tallinn",59.4407022,24.7377017,,,,
Circle K Endla,Circle K,"Endla, Endla 52, 10613 Tallinn",59.427876,24.7193724,,,,
Circle K Haljala,Circle K,"Rakvere mnt 26, Haljala alevik, 45301 Lääne-Virumaa",59.4265363,26.2692368,,,,
Circle K Häädemeeste,Circle K,"Arumetsa küla, Häädemeeste vald, 86006 Pärnumaa",58.0664831,24.5405139,,,,
Circle K Jõhvi Narva mnt,Circle K,"Narva mnt 147, 41536 Jõhvi",59.3627471,27.4623506,,,,
Circle K Jõhvi Tallinna mnt,Circle K,"Rakvere 40, 41532 Jõhvi",59.3674849,27.3939446,,,,
Circle K Jõhvi Tartu mnt,Circle K,"Tartu mnt 26, 41538 Jõhvi",59.3511926,27.408188,,,,
Circle K Järve,Circle K,"Pärnu mnt 180, 11316 Tallinn",59.402496,24.7287793,,,,
Circle K Järvevana,Circle K,"Järvevana tee 2, 10132 Tallinn",59.4227875,24.7865589,,,,
Circle K Jüri,Circle K,"Uus-Ringi tee 14, Jüri, 75305 Harju maakond",59.3587876,24.8942273,,,,
Circle K Katusepapi,Circle K,"Katusepapi tee 37, 11412 Tallinn",59.4253411,24.7928697,,,,
Circle K Keila,Circle K,"Ülejõe, Tutermaa küla, 76608 Keila",59.30955,24.4380582,,,,
Circle K Kohtla-Järve,Circle K,"Kalevi 37a, 30323 Kohtla-Järve",59.409872,27.2779695,,,,
Circle K Kristiine,Circle K,"Endla 43, 10613 Tallinn",59.4274522,24.7242985,,,,
Circle K Laagri,Circle K,"Pärnu mnt 552, 10916 Tallinn",59.3547983,24.6296285,,,,
Circle K Lauluväljaku,Circle K,"Narva mnt 138, 13628 Tallinn",59.4448024,24.815847,,,,
Circle K Linnahall,Circle K,"Põhja pst 33, 10415 Tallinn",59.4441886,24.7524442,,,,
Circle K Mustakivi,Circle K,"Mahtra 29, 13811 Tallinn",59.4423153,24.8754358,,,,
Circle K Mustamäe,Circle K,"Sipelga 1/ Sõpruse pst 200b, 13423 Tallinn",59.40561,24.700049,,,,
Circle K Mustvee,Circle K,"Uus-Narva mnt 5, 49603 Mustvee",58.8506703,26.9127586,,,,
Circle K Mäo,Circle K,"Mäo, 72751 Järva maakond",58.9139847,25.6325215,,,,
Circle K Märjamaa,Circle K,"Orgita küla, Märjamaa vald,  78313 Raplamaa",58.9212352,24.4547276,,,,
Circle K Narva kesklinn,Circle K,"Tallinna mnt 37, 20605 Narva",59.3805415,28.1773807,,,,
Circle K Narva linnapiiril,Circle K,"Tallinna mnt 64, 21005 Narva",59.384248,28.1572023,,,,
Circle K Nõmme,Circle K,"Männiku tee 2, 11624 Tallinn",59.3919261,24.7218567,,,,
Circle K Näpi,Circle K,"Kütuse 18a, Rakvere, 44311 Lääne-Virumaa",59.3549641,26.3880024,,,,
Circle K Peetri,Circle K,"Raudkivi tee 1, Harjumaa, Rae vald",59.403851,24.8096894,,,,
Circle K Peterburi mnt,Circle K,"Peterburi tee 58a, 11415 Tallinn",59.4293331,24.8376479,,,,
Circle K Petrooleumi,Circle K,"Petrooleumi 4, 10152 Tallinn",59.4404429,24.7763431,,,,
Circle K Põlva,Circle K,"Kesk 43, 63220 Põlva",58.0519188,27.0420348,,,,
Circle K Pärnu Hommiku,Circle K,"Hommiku 2, 80010 Pärnu",58.3865123,24.503055,,,,
Circle K Pärnu Papiniidu,Circle K,"Papiniidu 17, 80042 Pärnu",58.3717356,24.5493051,,,,
Circle K Pärnu Riia mnt,Circle K,"Riia mnt 233, 80042 Pärnu",58.3627716,24.5606219,,,,
Circle K Pärnu Tallinna mnt,Circle K,"Tallinna mnt 84, 80041 Pärnu",58.4104966,24.4930719,,,,
Circle K Pärnu Ülejõe,Circle K,"Ehitajate tee 4, 80041 Pärnu",58.4089792,24.4935968,,,,
Circle K Sikupilli,Circle K,"Tartu mnt 86, 10112 Tallinn",59.4243188,24.7840942,,,,
Circle K Suur-Karja,Circle K,"Suur-Karja 18, 10146 Tallinn",59.4346484,24.7461946,,,,
Circle K Sõle,Circle K,"Paldiski mnt 44, 10614 Tallinn",59.4326703,24.714648,,,,
Circle K Sütiste,Circle K,"Sütiste tee 1, 13419 Tallinn",59.4009102,24.6956634,,,,
Circle K Tartu Aardla,Circle K,"Võru mnt 81, 50112 Tartu",58.3559184,26.721251,,,,
Circle K Tartu Anne,Circle K,"Kalda tee 1, 50703 Tartu",58.372794,26.7539065,,,,
Circle K Tartu Kvissentali,Circle K,"Astelpaju 2a, Vahi alevik, Tartu vald, 60534 Tartumaa",58.4067126,26.7095222,,,,
Circle K Tartu Lõunakeskus,Circle K,"Ringtee 71, 50105 Tartu",58.3603876,26.6773995,,,,
Circle K Tartu Narva mnt,Circle K,"Narva mnt 21, 51009 Tartu",58.381848,26.7285854,,,,
Circle K Tartu Turu,Circle K,"Turu 6, 51014 Tartu",58.3771423,26.7316937,,,,
Circle K Tartu Võru mnt,Circle K,"Võru mnt 250 , 51013 Tartu",58.342997,26.714994,,,,
Circle K Uuemõisa,Circle K,"Tallinna mnt 77, Ridala vald 90401 Uuemõisa",58.9406109,23.5801815,,,,
Circle K Valga,Circle K,"Pikk 1, 68206 Valga",57.7886834,26.0484237,,,,
Circle K Viimsi,Circle K,"Randvere tee 1, Viimsi vald, 74001 Harjumaa",59.4987648,24.8287767,,,,
Circle K Viljandi Endla,Circle K,"Endla 1, 71008 Viljandi",58.3699649,25.5988258,,,,
Circle K Viljandi Leola,Circle K,"Leola 71, 71018 Viljandi",58.3787999,25.5944081,,,,
Circle K Viljandi Männimäe,Circle K,"Riia mnt 52a, 71009 Viljandi",58.346003,25.5784727,,,,
Circle K Võidujooksu,Circle K,"Võidujooksu 10, 13628 Tallinn",59.4357299,24.8107972,,,,
Circle K Võru Kesklinn,Circle K,"Jüri 45, 65606 Võru",57.842185,27.0069553,,,,
Circle K Võru Pikk tn,Circle K,"Pikk 21a, 65604 Võru",57.8326521,27.0344491,,,,
Circle K Väljavahi,Circle K,"Haljala tee 6, Tõrremäe küla, Rakvere vald,  44415 Lääne-Virumaa",59.3660931,26.3385865,,,,
Circle K Õismäe,Circle K,Circle K Õismäe,59.424037,24.646754,,,,
CityAlko Ahtme,City Alko,Puru tee 77 Ahtme Ida-Virumaa 31023,59.3378279,27.4201405,,,,
CityAlko Arsenali,City Alko,"Erika 14, Tallinn 10416",59.4512135,24.7173716,,,,
CityAlko Kiviõli,City Alko,"Uus tn 1, Kiviõli, Ida-Virumaa 43121",59.3558045,26.9768255,,,,
CityAlko Magistrali,City Alko,"Sõpruse pst 201/203, Tallinn 13419",59.4016009,24.697653,,,,
CityAlko Mustakivi,City Alko,"Mustakivi 17, Tallinn, 13912",59.4432756,24.862741,,,,
CityAlko Nõmme,City Alko,"Turuplats 5/7, Tallinn 11611",59.3886588,24.6826631,,,,
CityAlko Pargi,City Alko,"Puru Tee 1, Jõhvi, 41534",59.3522689,27.4185427,,,,
CityAlko Pärnu,City Alko,"Pikk 12a, Pärnu 80013",58.387083,24.5053129,,,,
CityAlko Rakvere,City Alko,"Adoffi 11, Rakvere, Lääne-Virumaa 44310",59.3486538,26.3640704,,,,
Cityalko Raudalu,City Alko,"Viljandi Maantee 41, 11218 Tallinn",59.3664176,24.7587943,,,,
Cityalko SadaMarket,City Alko,"Kai 5, Sadama 6, 10111 Tallinn",59.4437962,24.7580837,,,,
Cityalko Sõbra,City Alko,"Sõbra CityAlko Võru 55F, Tartu 50111",58.3653743,26.7198605,,,,
CityAlko Viimsi,City Alko,Sõpruse tee 9 Haabneeme Viimsi vald 74001,59.5065306,24.8268745,,,,
CityAlko Vironia,City Alko,Järveküla tee 50 Kohtla-Järve Ida-Virumaa 30321,59.3975126,27.2859608,,,,
Emart Auto OÜ,Muu,Kuusalu tee 51 Harjumaa,59.4480008,25.4322745,,,,
Feenoks Anne,Feenoks,"Anne 24, 50605, Tartu",58.3803412,26.7476902,,,,
Feenoks Kaunase pst,Feenoks,"Kaunase pst 21A, 50706, Tartu",58.3736201,26.7675966,,,,
Feenoks Kuperjanovi,Feenoks,"Julius Kuperjanovi 20, 50409 Tartu",58.3761548,26.7119895,,,,
Good Morning OÜ,Muu,"Randvere tee 29, Tallinn",59.4804369,24.8547004,,,,
Grossi Toidukaubad Ahtme GT,Grossi Toidukaubad,Estonia puiestee 30a 31023 Ida-Viru maakond,59.3297124,27.4262685,,,,
Grossi Toidukaubad Aseri GT,Grossi Toidukaubad,"Tehase 23 Aseri, 43401 Ida-Virumaa",59.4496053,26.8668205,,,,
Grossi Toidukaubad Ehitajate tee GT,Grossi Toidukaubad,Ehitajate tee 41 12612 Tallinn,59.4017652,24.6685775,,,,
Grossi Toidukaubad Elektra,Grossi Toidukaubad,"Tobia küla, Rakvere vald 44416, Lääne-Virumaa",59.3455032,26.3126946,,,,
Grossi Toidukaubad Endla GT,Grossi Toidukaubad,Endla 53 10615 Tallinn,59.4274885,24.7156957,,,,
Grossi Toidukaubad Eve,Grossi Toidukaubad,"Sõpruse 5 Vinni, 46601 Lääne-Viru maakond",59.2909747,26.4280805,,,,
Grossi Toidukaubad Gea,Grossi Toidukaubad,"Võsu maantee 5 Haljala, 45301 Lääne-Viru maakond",59.4337145,26.2664303,,,,
Grossi Toidukaubad Iisaku GT,Grossi Toidukaubad,"Tartu maantee 55 Iisaku, 41101 Ida-Viru maakond",59.0949529,27.3145879,,,,
Grossi Toidukaubad Joogid,Grossi Toidukaubad,"Ed. Vilde 6a Rakvere, 44310 Lääne-Viru maakond",59.3460149,26.364274,,,,
Grossi Toidukaubad Jõgeva GT,Grossi Toidukaubad,"Tähe 10a Jõgeva, 48307 Jõgeva maakond",58.749512,26.3914721,,,,
Grossi Toidukaubad Jõhvi GT,Grossi Toidukaubad,"Tartu maantee 15a Jõhvi, 41538 Ida-Viru maakond",59.3534102,27.4115785,,,,
Grossi Toidukaubad Järva-Jaani GT,Grossi Toidukaubad,"Lai 23 Järva-Jaani, 73301 Järva maakond",59.0383473,25.884058,,,,
Grossi Toidukaubad Järvakandi GT,Grossi Toidukaubad,"Turu 1 Järvakandi, 79101 Rapla maakond",58.774336,24.8176108,,,,
Grossi Toidukaubad Järveotsa GT,Grossi Toidukaubad,Järveotsa tee 35b 13520 Tallinn,59.4073582,24.6406529,,,,
Grossi Toidukaubad Jüri GT,Grossi Toidukaubad,"Aruküla tee 7 Jüri, 75305 Harju maakond",59.3540811,24.893038,,,,
Grossi Toidukaubad Kadrina GT,Grossi Toidukaubad,"Viru 9 Kadrina, 45201 Lääne-Viru maakond",59.3412538,26.1307792,,,,
Grossi Toidukaubad Kalevi GT,Grossi Toidukaubad,"Kalevi 27 Kohtla-Järve, 30323 Ida-Viru maakond",59.4054054,27.283108,,,,
Grossi Toidukaubad Kari GT,Grossi Toidukaubad,Kari 3 10311 Tallinn,59.4477233,24.6978558,,,,
Grossi Toidukaubad Kehra GT,Grossi Toidukaubad,"Kose maantee 7 Kehra, 74305 Harju maakond",59.3346993,25.3329819,,,,
Grossi Toidukaubad Keila GT,Grossi Toidukaubad,"Piiri 5 Keila, 76610 Harju maakond",59.3124515,24.4175702,,,,
Grossi Toidukaubad Kevade,Grossi Toidukaubad,"Keskpuiestee 33 Kiviõli, 43124 Ida-Viru maakond",59.3563954,26.9752954,,,,
Grossi Toidukaubad Kivila GT,Grossi Toidukaubad,Kivila 26 13917 Tallinn,59.4435844,24.8728398,,,,
Grossi Toidukaubad Koeru GT,Grossi Toidukaubad,"Paide tee 2 Koeru, 73001 Järva maakond",58.9642102,26.0282891,,,,
Grossi Toidukaubad Kohila GT,Grossi Toidukaubad,"Viljandi maantee 3a Kohila, 79805 Rapla maakond",59.1673633,24.7604175,,,,
Grossi Toidukaubad Kose GT,Grossi Toidukaubad,"Kodu 2 Kose, 75101 Harju maakond",59.1841609,25.1645326,,,,
Grossi Toidukaubad Kose-Uuemõisa GT,Grossi Toidukaubad,"Kesk 1 Kose-Uuemõisa, 75102 Harju maakond",59.2048079,25.1042216,,,,
Grossi Toidukaubad Kotka,Grossi Toidukaubad,"Paul Pinna 21, 13613 Tallinn",59.4389718,24.8328909,,,,
Grossi Toidukaubad Kunda GT,Grossi Toidukaubad,"Kasemäe 12 Kunda, 44107 Lääne-Viru maakond",59.5005504,26.5181706,,,,
Grossi Toidukaubad Kuusalu GT,Grossi Toidukaubad,"Mäe 1 Kuusalu, 74619 Harju maakond",59.446654,25.4441859,,,,
Grossi Toidukaubad Laagna GT,Grossi Toidukaubad,Vikerlase 23 13619 Tallinn,59.4396531,24.8449413,,,,
Grossi Toidukaubad Lastekodu GT,Grossi Toidukaubad,Lastekodu 14 10113 Tallinn,59.4303357,24.7681117,,,,
Grossi Toidukaubad Lidla GT,Grossi Toidukaubad,Maleva 23 31025 Ida-Viru maakond,59.3277333,27.4186563,,,,
Grossi Toidukaubad Loksa GT,Grossi Toidukaubad,"Rohuaia 6 Loksa, 74816 Harju maakond",59.579214,25.7280064,,,,
Grossi Toidukaubad Loo GT,Grossi Toidukaubad,"Saha tee 9 Loo, 74201 Harju maakond",59.4344797,24.9473244,,,,
Grossi Toidukaubad Ly,Grossi Toidukaubad,"Ed. Vilde 6 Rakvere, 44310 Lääne-Viru maakond",59.3461204,26.3646218,,,,
Grossi Toidukaubad Majaka GT,Grossi Toidukaubad,Majaka 28a 11412 Tallinn,59.4278649,24.7918416,,,,
Grossi Toidukaubad Marja GT,Grossi Toidukaubad,Mustamäe tee 41 10616 Tallinn,59.4220526,24.6997761,,,,
Grossi Toidukaubad Mustvee GT,Grossi Toidukaubad,"Tähe 9 Mustvee, 49603 Jõgeva maakond",58.8497667,26.9423724,,,,
Grossi Toidukaubad Narva Megamarket,Grossi Toidukaubad,Rakvere 71 20607 Narva,59.3858702,28.184226,,,,
Grossi Toidukaubad Narva Pähklimäe 2a,Grossi Toidukaubad,Pähklimäe 2a 20608 Narva,59.3872085,28.1728609,,,,
Grossi Toidukaubad Narva Tallinna 47,Grossi Toidukaubad,Tallinna maantee 47 20606 Narva,59.3814604,28.1727016,,,,
Grossi Toidukaubad Narva Tallinna 52,Grossi Toidukaubad,Tallinna maantee 52 21005 Narva,59.3823193,28.1651071,,,,
Grossi Toidukaubad Oru,Grossi Toidukaubad,Virmalise 2 31221 Ida-Viru maakond,59.3716814,27.568436,,,,
Grossi Toidukaubad Outokumpu GT,Grossi Toidukaubad,"Outokumpu 13a Kohtla-Järve, 30321 Ida-Viru maakond",59.3970122,27.2947513,,,,
Grossi Toidukaubad Paasiku GT,Grossi Toidukaubad,Paasiku 2a 13915 Tallinn,59.4483993,24.8449583,,,,
Grossi Toidukaubad Paide GT,Grossi Toidukaubad,"Pikk 25 Paide, 72711 Järva maakond",58.8841628,25.5696459,,,,
Grossi Toidukaubad Paldiski GT,Grossi Toidukaubad,"Rae 26 Paldiski, 76805 Harju maakond",59.3496377,24.0597663,,,,
Grossi Toidukaubad Pille-Riin,Grossi Toidukaubad,"Tehnika 24 Tamsalu, 46107 Lääne-Viru maakond",59.162218,26.1123011,,,,
Grossi Toidukaubad Põltsamaa GT,Grossi Toidukaubad,"Tartu maantee 1b Põltsamaa, 48105 Jõgeva maakond",58.6524702,25.9826198,,,,
Grossi Toidukaubad Pärnu-Jaagupi GT,Grossi Toidukaubad,"Uus 20 Pärnu-Jaagupi, 87201 Pärnu maakond",58.6097843,24.5044195,,,,
Grossi Toidukaubad Raja,Grossi Toidukaubad,"Ilu puiestee 2 Rakvere, 44314 Lääne-Viru maakond",59.3517454,26.3422135,,,,
Grossi Toidukaubad Rakke GT,Grossi Toidukaubad,"Fr. R. Faehlmanni tee 38, Rakke, 46301 Lääne-Viru maakond",58.9902942,26.2353809,,,,
Grossi Toidukaubad Randvere GT,Grossi Toidukaubad,Randvere tee 115 11913 Tallinn,59.4912385,24.879201,,,,
Grossi Toidukaubad Saue GT,Grossi Toidukaubad,"Pärnasalu põik 1b Saue, 76505 Harju maakond",59.3218052,24.5565926,,,,
Grossi Toidukaubad Tammsaare tee GT,Grossi Toidukaubad,A. H. Tammsaare tee 93 12913 Tallinn,59.4061505,24.6912208,,,,
Grossi Toidukaubad Tapa Kaubanduskeskus,Grossi Toidukaubad,"Jaama 1 Tapa, 45106 Lääne-Viru maakond",59.2645209,25.9631476,,,,
Grossi Toidukaubad Tapa Tööstus,Grossi Toidukaubad,"Jaama 1 Tapa, 45106 Lääne-Viru maakond",59.2645209,25.9631476,,,,
Grossi Toidukaubad Tartu GT,Grossi Toidukaubad,Soola 7 51013 Tartu,58.378233,26.7356171,,,,
Grossi Toidukaubad TK Tööstus,Grossi Toidukaubad,"Laada 16 Rakvere, 44310 Lääne-Viru maakond",59.3475759,26.3636742,,,,
Grossi Toidukaubad Turu Kaubamaja,Grossi Toidukaubad,"Laada 16 Rakvere, 44310 Lääne-Viru maakond",59.3475759,26.3636742,,,,
Grossi Toidukaubad Türi GT,Grossi Toidukaubad,"Viljandi 13a Türi, 72212 Järva maakond",58.8032126,25.4295396,,,,
Grossi Toidukaubad Viimsi GT,Grossi Toidukaubad,"Kaluri tee 3 Haabneeme, 74001 Harju maakond",59.5098707,24.827268,,,,
Grossi Toidukaubad Viljandi GT,Grossi Toidukaubad,"Carl Robert Jakobsoni 2, Viljandi, 71013 Viljandi maakond",58.367358,25.5925625,,,,
Grossi Toidukaubad Voka,Grossi Toidukaubad,"Narva maantee 5 Voka, 41701 Ida-Viru maakond",59.4042026,27.5814492,,,,
Grossi Toidukaubad Võru GT,Grossi Toidukaubad,"Niidu 8 Võru, 65604 Võru maakond",57.8373684,27.0062365,,,,
Grossi Toidukaubad Väike-Ameerika GT,Grossi Toidukaubad,Väike-Ameerika 6a 10122 Tallinn,59.4262198,24.7355534,,,,
Grossi Toidukaubad Väike-Maarja GT,Grossi Toidukaubad,"Pikk 9 Väike-Maarja, 46202 Lääne-Viru maakond",59.1300195,26.2522398,,,,
Grossi Toidukaubad Vändra GT,Grossi Toidukaubad,"Pärnu-Paide maantee 26 Vändra, 87701 Pärnu maakond",58.6562671,25.0429449,,,,
Grossi Toidukaubad Ümera GT,Grossi Toidukaubad,Ümera 13a 13816 Tallinn,59.4441943,24.8921218,,,,
JetOil tankla,Muu,Kuivajõe tankla Kose Uuemõisa Kose vald,59.1824412,25.1154519,,,,
Johnny AS (Alexela),Muu,Imavere,58.7349272,25.767305,,,,
Jussi Viinapood,Muu,Jussi Viinapood Nikolai 24 Pärnu,58.3834703,24.4998601,,,,
Kolmjalg OÜ,Muu,"Rataskaevu 2, Tallinn",59.4376054,24.7429621,,,,
Liviko  Mere pst,Liviko,"Mere puiestee 6, 10111 Tallinn",59.4390336,24.7543953,,,,
"Liviko, Lootsi 8",Liviko,Lootsi 8 Tallinn,59.441113,24.7654481,,,,
Mermaks Alko pood,Muu,"Kose maantee 2, Kehra, 74307 Harju maakond",59.3342164,25.3318294,,,,
Obb Kaubandus,Muu,"Viljandi mnt 8, Särevere",58.7821984,25.4356277,,,,
Objekt kiirtoit,Muu,"Vaksali 11, Viljandi",58.3736496,25.5772325,,,,
Objekt kiirtoit,Muu,"Vaksali 11, Viljandi",58.3623351,25.5830815,,,,
Olerex Aardla,Olerex,Tartu Aardla rist,58.3554323,26.7182858,,,,
Olerex Ahja tankla,Olerex,"Tartu mnt 17, Ahja alevik, Ahja vald vald, Põlvamaa 63710     ",58.2062011,27.0743459,,,,
Olerex Ahtme,Olerex,"Altserva 1A, Kohtla-Järve linn, Ida-Virumaa 31021     ",59.3248877,27.4336772,,,,
Olerex Alatskivi,Olerex,"Tartu mnt. 14, Alatskivi alevik, Alatskivi vald, Tartumaa 60201     ",58.5999061,27.133798,,,,
Olerex Antsla,Olerex,"F. R. Kreutzwaldi tn 11, Antsla linn, Antsla vald, Võrumaa 66403     ",57.8301252,26.5330017,,,,
Olerex Aovere,Olerex,Olerex Aovere,58.4466424,26.8086278,,,,
Olerex Aseri,Olerex,"Tankla, Koogu, 43404 Ida-Viru maakond",59.438829,26.8081555,,,,
Olerex Elva,Olerex,"Valga mnt 3, Elva Linn, Tartumaa 61504     ",58.2212428,26.4057457,,,,
Olerex Enge,Olerex,"Jädivere küla, Vigala vald, Raplamaa 78013     ",58.7070278,24.4420725,,,,
Olerex Haage tankla,Olerex,"Side põik 1a, Haage küla, Tähtvere vald vald, Tartumaa 61402 ",58.3564018,26.6209346,,,,
Olerex Haapsalu,Olerex,"Tallinna mnt 75, Uuemõisa alevik, Ridala vald, Läänemaa 90401     ",58.9384394,23.5731852,,,,
Olerex Iisaku,Olerex,"Tartu mnt. 67, Iisaku alevik, Iisaku vald, Ida-Virumaa 41101     ",59.0823755,27.3167928,,,,
Olerex Jõelähtme,Olerex,"Kivisilla tee 1, Jõelähtme küla, Jõelähtme vald, Harjumaa 74202     ",59.4408071,25.1374691,,,,
Olerex Jõgeva,Olerex,"Estakaadi 1, Jõgeva linn, Jõgevamaa 48303 ",58.7451738,26.4005455,,,,
Olerex Järva-Jaani,Olerex,"Koeru tee 21, Järva-Jaani alev, Järva-Jaani vald, Järvamaa 73301     ",59.0331352,25.8904669,,,,
Olerex Jüri,Olerex,"Viadukti põik 6, Pildiküla, Rae vald, Harjumaa 75308     ",59.3592502,24.8743554,,,,
Olerex Keila,Olerex,"Põhjakaare 8, Keila, Harjumaa 76610",59.3123544,24.4275265,,,,
Olerex Kilingi-Nõmme,Olerex,"Kalmistu tee 2, Saarde küla, Pärnumaa 86213     ",58.1438375,24.960579,,,,
Olerex Kiviõli,Olerex,"Vabaduse pst. 25, Kiviõli linn, Ida-Virumaa 43125   ",59.3646745,26.9680689,,,,
Olerex Kunda,Olerex,"Selja tee 7, Kunda linn, Lääne-Virumaa 44107    ",59.4956946,26.5167688,,,,
Olerex Kuressaare,Olerex,"Tallinna tn. 84, Kuressaare linn, Saaremaa 93815    ",58.2646486,22.5135686,,,,
Olerex Kvissentali,Olerex,"Aruküla tee 1, Tartu linn",58.3987057,26.7095358,,,,
Olerex Käina,Olerex,"Mäe tn. 2, Käina alevik, Käina vald, Hiiumaa 92101   ",58.829102,22.7738055,,,,
Olerex Kärdla,Olerex,"Kõrgessaare mnt. 45, Kärdla linn, Hiiumaa 92412   ",58.9945521,22.721862,,,,
Olerex Lemmatsi,Olerex,"Lemmatsi küla, Ülenurme vald, Tartumaa 61702     ",58.3293662,26.6066646,,,,
Olerex Lihula,Olerex,"Alaküla tee 22, Hälvati küla, Lihula vald, Läänemaa 90303     ",58.6849895,23.8094479,,,,
Olerex Lähte,Olerex,"Kase tn 2, Lähte alevik, Tartu vald, Tartumaa 60502     ",58.4907485,26.6818518,,,,
Olerex Maardu,Olerex,"Keemikute 1, Maardu linn, Harjumaa 74111     ",59.4705782,25.0164351,,,,
Olerex Mustvee,Olerex,"Tartu tn 74, Mustvee linn, Jõgevamaa 49604 ",58.8481406,26.9153244,,,,
Olerex Märjamaa Uus tn,Olerex,"Uus tn 6, Märjamaa alev, Raplamaa 78304     ",58.8946388,24.4163907,,,,
Olerex Narva,Olerex,"Tallinna mnt 73, Narva linn, Ida-Virumaa 20606     ",59.3848126,28.1580338,,,,
Olerex Paide Raudtee,Olerex,"Raudtee 37, Paide linn, Järvamaa 72715     ",58.8874598,25.5414031,,,,
Olerex Paide Tallinnamnt,Olerex,"Tallinna 59, Paide linn, Järvamaa 72720",58.8946481,25.57127,,,,
Olerex Põltsamaa,Olerex,"Puhu rist, Tallinn–Tartu–Võru–Luhamaa, 48014 Jõgeva maakond",58.6622694,25.9888978,,,,
Olerex Põlva,Olerex,Olerex Põlva,58.0600244,27.0482754,,,,
Olerex Pärnu Laki,Olerex,"Laki 8, Pärnu linn, Pärnumaa 80010     ",58.3746259,24.552973,,,,
Olerex Pärnu Mai,Olerex,"Mai 6, Pärnu linn, Pärnumaa 80022    ",58.3712402,24.5378633,,,,
Olerex Pärnu Papsaare,Olerex,"Papsaare küla, Pärnumaa 88317     ",58.4061707,24.4237596,,,,
Olerex Pärnu Tallinna mnt,Olerex,"Tallinna mnt. 95, Pärnu linn, Pärnumaa 80043   ",58.4096624,24.4942526,,,,
Olerex Rakvere Piira,Olerex,"Piira, Mäetaguse küla, Vinni vald, Lääne-Virumaa 46607 ",59.3270634,26.3975384,,,,
Olerex Rakvere Põhjakeskus,Olerex,"Haljala tee 17, Tõrramäe küla, Rakvere vald, Lääne-Virumaa 44415  ",59.3621835,26.3347231,,,,
Olerex Rakvere Rägavere 2,Olerex,"Rägavere tee 2, Rakvere linn, Lääne-virumaa 44312    ",59.3452875,26.3684525,,,,
Olerex Rakvere Rägavere 50,Olerex,"Rägavere tee 50, Rakvere linn, Lääne-Virumaa 44312  ",59.3377826,26.3861923,,,,
Olerex Rapla,Olerex,"Kastani 9, Rapla linn, Raplamaa 79514     ",58.9944133,24.7979286,,,,
Olerex Räpina,Olerex,"Vabaduse 2, Räpina linn, Põlvamaa 64506     ",58.1016289,27.4581598,,,,
Olerex Saue,Olerex,"Tule 51, Saue linn, Harjumaa 76505     ",59.3127718,24.5625936,,,,
Olerex Sauga,Olerex,"Jänesselja tn.9, Sauga alevik, Pärnumaa 85008    ",58.4306066,24.498342,,,,
Olerex Sillamäe,Olerex,"Tallinna mnt 9, Sillamäe linn, Ida-Virumaa 40233     ",59.3910492,27.773484,,,,
Olerex Sindi,Olerex,"Ringi 5c, Sindi linn, Pärnumaa 86703   ",58.4047085,24.6603776,,,,
Olerex Soe,Olerex,"Soe küla, Tarvastu vald, Viljandimaa 69712     ",58.2103398,25.9362835,,,,
Olerex Suure-Jaaniautomaat/pood,Olerex,"Jaama 31, Suure-Jaani linn, Suure-Jaani vald, Viljandimaa 71502     ",58.5364099,25.4845293,,,,
Olerex Tallinn Ahtri,Olerex,"Ahtri 6B, Tallinn, Harjumaa 10151     ",59.4397247,24.7594441,,,,
Olerex Tallinn Harkujärve,Olerex,"Paldiski maantee 150, Harkujärve küla, Harku vald, Harjumaa 76912     ",59.4073642,24.6177305,,,,
Olerex Tallinn Kadaka tankla,Olerex,"CM56+MF Tallinn, Harju maakond",59.4091875,24.6611875,,,,
Olerex Tallinn Kivila,Olerex,"Kivila 28, Tallinn, Harjumaa 13917     ",59.4435162,24.874834,,,,
Olerex Tallinn Laagna,Olerex,"Laagna Tee 13, Tallinn, Harjumaa 13618     ",59.4362423,24.8092307,,,,
Olerex Tallinn Laki,Olerex,"Laki 29, Tallinn, Harjumaa 12915  ",59.4099676,24.6755034,,,,
Olerex Tallinn Linnu tee,Olerex,"Linnu tee 64, Tallinn 13418",59.4128367,24.708874,,,,
Olerex Tallinn Peetri,Olerex,"Tartu mnt 169, Peetri alevik, Rae vald",59.4009178,24.8162722,,,,
Olerex Tallinn Peterburi,Olerex,"Peterburi tee 38/4, Tallinn, Harjumaa 11415",59.4260516,24.8106736,,,,
Olerex Tallinn Punane,Olerex,"Punane 16A, Tallinn, Harjumaa 13619",59.4324154,24.823463,,,,
Olerex Tallinn Sõle,Olerex,"Sõle tn 51B, Tallinn, Harjumaa 10318",59.4452378,24.7016729,,,,
Olerex Tallinn Sõpruse,Olerex,"Sõpruse pst 261, Tallinn, Harjumaa 13414     ",59.3977044,24.6770439,,,,
Olerex Tallinn Tammsaare,Olerex,"Tammsaare tee 53A, Tallinn, Harjumaa 11316 ",59.4018965,24.709882,,,,
Olerex Tallinn Tondi tankla,Olerex,"Tondi 6, Tallinn, Harjumaa 11313  ",59.4148788,24.7386651,,,,
Olerex Tallinn Tondiraba,Olerex,"Tondiraba 1, Tallinn, Harjumaa 13916     ",59.451464,24.8541399,,,,
Olerex Tallinn Vabaduse,Olerex,"Vabaduse pst. 158, Tallinn, Harjumaa 10917   ",59.3667098,24.6459726,,,,
Olerex Tallinn Õismäe,Olerex,"Õismäe tee 155a/157, Tallinn, Harjumaa 13518    ",59.4199729,24.6463402,,,,
Olerex Tapa,Olerex,"Pikk 70, Tapa linn, Lääne-Virumaa 45106   ",59.2533426,25.9750205,,,,
Olerex Tartu Ringtee tankla,Olerex,"Ringtee 28, Tartu, Tartumaa 51013     ",58.3434143,26.7375106,,,,
Olerex Tartu Räni,Olerex,"Aardla 107, Tartu Linn, Tartumaa 50414     ",58.3539978,26.6859842,,,,
Olerex Tartu Vahi,Olerex,"Vahi 5, Vahi alev, Tartu vald, Tartumaa 50304    ",58.3990813,26.735714,,,,
Olerex Tartu Veeriku automaat/pood,Olerex,"Veeriku 1, Tartu Linn, Tartumaa 50407     ",58.3755593,26.6953435,,,,
Olerex Tõrva,Olerex,"Valga tn. 72, Tõrva linn, Valgamaa 68606     ",57.9910651,25.9402374,,,,
Olerex Türi,Olerex,"Tehnika 6, Lokuta küla, Järvamaa 72231     ",58.8140672,25.4036201,,,,
Olerex Valga,Olerex,"Transpordi 2, Valga linn, Valgamaa 68205     ",57.7903799,26.0495008,,,,
Olerex Vastseliina tankla,Olerex,"Tootmise 2, Vastseliina alevik, Vastseliina vald vald, Võrumaa 65201",57.7317463,27.2734857,,,,
Olerex Viimsi,Olerex,"Muuli tee 2/Ranna tee 15, Miiduranna küla, Viimsi vald, Harjumaa 74015  ",59.4979164,24.8287759,,,,
Olerex Viljandi,Olerex,"Metsküla tee 9, Viljandi linn, Viljandimaa 71020     ",58.3648207,25.5622783,,,,
Olerex Viljandi Mustivere tankla,Olerex,"Eerikaru 2, Mustivere; Viljandimaa",58.3721192,25.5632946,,,,
Olerex Võru Räpina,Olerex,"Räpina mnt. 18, Võru linn, Võrumaa 65606     ",57.8440286,27.0206506,,,,
Olerex Võru Tallinna,Olerex,"Tallinna mnt. 38, Võru linn, Võrumaa 65605     ",57.8589539,26.9766138,,,,
Olerex Värska tankla,Olerex,"Pikk tn 36, Värska alevik,Värska vald vald, Põlvamaa 64001",57.9532291,27.640526,,,,
Olerexi Tartu Jaama automaat/pood,Olerex,"Jaama 82, Tartu linn, Tartumaa 50605     ",58.3809277,26.7554829,,,,
R-Kiosk Balti Jaam,R-Kiosk,"Toompuiestee 37, Tallinn",59.4407022,24.7377017,,,,
R-Kiosk Energia,R-Kiosk,"Kaubamaja 4, Tallinn",59.4349941,24.7553999,,,,
R-Kiosk Forelli Neste,R-Kiosk,"Mustamäe tee 22, Tallinn",59.418932,24.6938136,,,,
R-Kiosk Haapsalu Posti,R-Kiosk,"Tallinna maantee 1, Haapsalu",58.9403374,23.542332,,,,
R-Kiosk Jõhvi Bussijaam,R-Kiosk,"Narva maantee 8, Jõhvi",59.3579257,27.4178442,,,,
R-Kiosk Jõhvi Tsentraal,R-Kiosk,"Keskväljak 4, Jõhvi",59.3582983,27.4140411,,,,
R-Kiosk Kadaka Neste,R-Kiosk,"Kadaka tee 60, Tallinn",59.4117189,24.6647713,,,,
R-Kiosk Katleri,R-Kiosk,"Katleri 11, Tallinn",59.4509214,24.8497029,,,,
R-Kiosk Kaubamaja,R-Kiosk,"Estonia pst 1, Tallinn",59.4352123,24.7549293,,,,
R-Kiosk Kodutarvete sise,R-Kiosk,"Narva mnt 23, Tallinn",59.4385691,24.7702481,,,,
R-Kiosk Kohtla-Järve Kalevi,R-Kiosk,"Kalevi 25a,  Kohtla-Järve",59.4052054,27.2834672,,,,
R-Kiosk Kohtla-Järve Maleva sise,R-Kiosk,"Maleva 25d, Kohtla-Järve",59.3284945,27.4215723,,,,
R-Kiosk Kohtla-Järve Vironia,R-Kiosk,"Järveküle tee 50, Kohtla-Järve",59.39799,27.2859099,,,,
R-Kiosk Kohtla-Järve Virula Väljak,R-Kiosk,"Keskalle 7b, Kohtla-Järve",59.402426,27.2883507,,,,
R-Kiosk Kopli,R-Kiosk,"Sõle 61, 10313 Tallinn",59.4492317,24.6971291,,,,
R-Kiosk Kristiine sise,R-Kiosk,"Endla 45, Tallinn",59.4269732,24.7227894,,,,
R-Kiosk Kuressaare Kesklinn,R-Kiosk,"Tallinna 8,  Kuressaare",58.2532151,22.4865631,,,,
R-Kiosk Laagri Neste,R-Kiosk,"Pärnu mnt 453e, Tallinn",59.359943,24.631696,,,,
R-Kiosk Laikmaa,R-Kiosk,"Viru väljak 4, Tallinn",59.4365146,24.7559338,,,,
R-Kiosk Lauteri,R-Kiosk,"Lauteri 7, Tallinn",59.4309534,24.7586325,,,,
R-Kiosk Magistrali keskus,R-Kiosk,"Sõpruse puiestee 201/203, Tallinn",59.4016009,24.697653,,,,
R-Kiosk Marja Neste,R-Kiosk,"Mustamäe tee 39, Tallinn",59.4228977,24.6992757,,,,
R-Kiosk Mustamäe keskus,R-Kiosk,"A.H. Tammsaare tee 104a, Tallinn",59.4085978,24.6888597,,,,
R-Kiosk Narva Astri Keskus,R-Kiosk,"Tallinna mnt. 41, Narva",59.3809406,28.175865,,,,
R-Kiosk Narva Fama Keskus,R-Kiosk,"Tallinna mnt. 19c, Narva",59.3797783,28.1873398,,,,
R-Kiosk Nunne,R-Kiosk,"Nunne 25, Tallinn",59.4394575,24.7394002,,,,
R-Kiosk Nurmenuku Keskus,R-Kiosk,R-Kiosk Nurmenuku Keskus,59.4137955,24.6545221,,,,
R-Kiosk Peterburi Neste,R-Kiosk,"Peterburi tee 52, 11415 Tallinn",59.426728,24.8230024,,,,
R-Kiosk Pirita,R-Kiosk,"Merivälja tee 1, Tallinn",59.4666955,24.832463,,,,
R-Kiosk Postimaja,R-Kiosk,"Narva mnt 1, Tallinn",59.4376919,24.7562353,,,,
R-Kiosk Pritsumaja,R-Kiosk,"Vana-Viru 14, Tallinn",59.4369623,24.7525449,,,,
R-Kiosk Pärnu Atlantika,R-Kiosk,"Tallinna mnt. 2,  Pärnu",58.3907363,24.4949878,,,,
R-Kiosk Pärnu Bussijaama Kohvik,R-Kiosk,"Pikk 13, Pärnu",58.3856013,24.5050428,,,,
R-Kiosk Pärnu Kaubamajakas,R-Kiosk,"Papiniidu 8/10, Pärnu",58.3709803,24.5513347,,,,
R-Kiosk Pärnu Maxima,R-Kiosk,"Riia mnt. 131, Pärnu",58.3745347,24.5370998,,,,
R-Kiosk Pärnu mnt Cafe,R-Kiosk,1240 Pärnu mnt Cafe Tallinn,59.4342231,24.7471654,,,,
R-Kiosk Pärnu Neste,R-Kiosk,"Riia mnt 11a, Pärnu",58.3852613,24.5132523,,,,
R-Kiosk Rakvere Kroonikeskuse/ Põhjakeskus,R-Kiosk,"Haljala tee, Rakvere",59.3623037,26.3350744,,,,
R-Kiosk Rautakesko Tondi,R-Kiosk,"Tammsaare 49, Tallinn",59.4015914,24.7132701,,,,
R-Kiosk Rocca-al-Mare Kaubanduskeskus,R-Kiosk,"R-Kiosk Rocca al Mare Kaubanduskeskus, Paldiski maantee 102, 13522 Tallinn",59.4258089,24.6545248,,,,
R-Kiosk Rocca-al-Mare Neste,R-Kiosk,"Paldiski maantee 98, 13522 Tallinn",59.427393,24.66076,,,,
R-Kiosk Roosikrantsi,R-Kiosk,"Roosikrantsi 2, Tallinn",59.4323665,24.7430231,,,,
R-Kiosk Rotermanni,R-Kiosk,"Rotermanni 18, Tallinn",59.4395223,24.7575145,,,,
R-Kiosk Rüütli Combo,R-Kiosk,"Rüütli 41, Pärnu",58.3846288,24.5025808,,,,
R-Kiosk Sadama A Terminal,R-Kiosk,"Sadama 25A/2,  Tallinn",59.4481212,24.760209,,,,
R-Kiosk Sadama D Terminal,R-Kiosk,"Lootsi 13, Tallinn",59.4430842,24.7633338,,,,
R-Kiosk Sillamäe Viru pst.,R-Kiosk,"Viru Pst. 2a, Sillamäe",59.3927839,27.7759013,,,,
R-Kiosk Smuuli Neste,R-Kiosk,"Punane 43, Tallinn",59.434629,24.832231,,,,
R-Kiosk Sõle Neste,R-Kiosk,"Sõle 25a, Tallinn",59.438065,24.7081343,,,,
R-Kiosk Sõpruse Neste,R-Kiosk,"Sõpruse pst. 225, Tallinn",59.3992639,24.6893232,,,,
R-Kiosk T1 Kaubanduskeskus,R-Kiosk,"Peterburi tee 2h, Tallinn",59.4247897,24.7931394,,,,
R-Kiosk Tallinna Bussijaama ootesaal,R-Kiosk,"Lastekodu 46, Tallinn",59.4274085,24.7740136,,,,
R-Kiosk Tallinna Bussijaama välikiosk,R-Kiosk,"Lastekodu 46, Tallinn",59.4274085,24.7740136,,,,
R-Kiosk Tallinna Lennujaama sisetsoon,R-Kiosk,"Tartu mnt 101, Tallinn",59.416347,24.799693,,,,
R-Kiosk Tallinna Lennujaama välitsoon,R-Kiosk,"Tartu mnt 101, Tallinn",59.416347,24.799693,,,,
R-Kiosk Tartu Bussijaam,R-Kiosk,"Turu 2, Tartu",58.3777874,26.7306948,,,,
R-Kiosk Tartu Kvartali Keskus,R-Kiosk,"Riia 2, Tartu",58.3770875,26.7294177,,,,
R-Kiosk Tartu Küüni,R-Kiosk,"Vanemuise 1, Tartu",58.378783,26.7261004,,,,
R-Kiosk Tartu Neste BiteStop,R-Kiosk,"Ringtee 60a, Tartu",58.3754479,26.6783411,,,,
R-Kiosk Uus Pae,R-Kiosk,"Pae 64, 13620 Tallinn",59.4355909,24.8191538,,,,
R-Kiosk Vabaduse Tunnel,R-Kiosk,"Vabaduse väljak 7, 10146 Tallinn",59.4326266,24.7440525,,,,
R-Kiosk Vabaduse Väljak,R-Kiosk,"Vabaduse Väljak 1, Tallinn",59.4337005,24.7451968,,,,
R-Kiosk Viljandi Bussijaam,R-Kiosk,"Ilmarise 1, Viljandi",58.3692277,25.5986568,,,,
R-Kiosk Viru Bussiterminal,R-Kiosk,"Viru Väljak 4, Tallinn",59.4365146,24.7559338,,,,
R-Kiosk Viru Keskus,R-Kiosk,"Viru Väljak 4, Tallinn",59.4365146,24.7559338,,,,
R-Kiosk Viru Tunnel,R-Kiosk,"Viru Väljak 4, Tallinn",59.4365146,24.7559338,,,,
R-Kiosk Väike-Õismäe,R-Kiosk,R-Kiosk Väike-Õismäe,59.4123164,24.6387968,,,,
R-Kiosk Ülemiste Center,R-Kiosk,"Suur-Sõjamäe 4, Tallinn",59.4219071,24.7944225,,,,
R-Kiosk Ülemiste City,R-Kiosk,"Suur-Sõjamäe 4, Tallinn",59.4219071,24.7944225,,,,
Regalia Kaubandus,Regalia Kaubandus,Tõnismägi 1 Tallinn,59.4528563,24.8744626,,,,
Regalia Kaubandus,Regalia Kaubandus,Tõnismägi 1 Tallinn,59.4492306,24.6970997,,,,
Regalia Kaubandus,Regalia Kaubandus,Tõnismägi 1 Tallinn,59.4427623,24.8757648,,,,
Regalia Kaubandus,Regalia Kaubandus,Tõnismägi 1 Tallinn,59.4356295,24.8204298,,,,
Regalia Kaubandus,Regalia Kaubandus,Tõnismägi 1 Tallinn,59.4314949,24.7133869,,,,
Regalia Kaubandus,Regalia Kaubandus,Tõnismägi 1 Tallinn,59.4438755,24.6944147,,,,
Regalia Kaubandus,Regalia Kaubandus,Tõnismägi 1 Tallinn,59.4315163,24.7697293,,,,
Regalia Kaubandus,Regalia Kaubandus,Tõnismägi 1 Tallinn,59.4802588,25.0158084,,,,
Regalia Kaubandus,Regalia Kaubandus,Tõnismägi 1 Tallinn,59.4318386,24.7407429,,,,
Snape Viru,Snape,"Viru tänav 27a, 10111",59.4367385,24.7519282,,,,
Snape Õismäe,Snape,"Õismäe tee 1b, Ehitajate tee 107, 13511",59.413533,24.65501,,,,
Super Alko Kaubamajaka,Super Alko,"Papiniidu 8, Pärnu, 80010 Pärnu maakond",58.369777,24.5509614,,,,
SuperAlko Anne,Super Alko,"Kaunase pst 81 a, Tartu 50708",58.3735004,26.7758451,,,,
SuperAlko Haapsalu,Super Alko,"Lihula mnt 3, Haapsalu",58.9388167,23.5421595,,,,
SuperAlko Kuressaare,Super Alko,"Pihtla tee 24, Kuressaare, Saare vald",58.2535144,22.5029493,,,,
SuperAlko Linnamäe,Super Alko,Linnamäe tee 17 Tallinn 13912,59.4497021,24.8678923,,,,
SuperAlko Magdaleena,Super Alko,"Pärnu mnt 107/109, Tallinn 11312",59.4163181,24.7407182,,,,
SuperAlko Mai,Super Alko,"Metsa 13, Pärnu",58.3714817,24.5408761,,,,
SuperAlko Rüütli,Super Alko,"Rüütli SuperAlko Rüütli 4, Tartu 51007",58.3807934,26.7219338,,,,
SuperAlko Viljandi,Super Alko,"Leola 14A, Viljandi 71012",58.3671556,25.5917593,,,,
Superalko/Cityalko,Super Alko,"Kooli 6, Võru",57.8459535,27.008621,,,,
Tartu Terminal Emajõe teenindusjaam,Terminal,"Rebase 18a, Tartu",58.3686262,26.7452578,,,,
Tartu Terminal Jüri teenindusjaam,Terminal,Terminal Jüri,59.3605524,24.8695195,,,,
Tartu Terminal Kiiu teenindusjaam,Terminal,Vana Narva mnt 7,59.4576346,24.9419109,,,,
Tartu Terminal Kivilinna teenindusjaam,Terminal,"Jaama 173a, Tartu",58.3795194,26.7661648,,,,
Tartu Terminal Kärkna teenindusjaam,Terminal,"Kärkna, Tartumaa",58.4630662,26.6422463,,,,
Tartu Terminal Küüni pood,Terminal,"Küüni 5, 51004 Tartu",58.3793979,26.7232626,,,,
Tartu Terminal Narva Jõesuu teenindusjaam,Terminal,Poska 26 Narva-Jõesuu 29023,59.4625687,28.04399,,,,
Tartu Terminal Nõo teenindusjaam,Terminal,"Raudtee 2A, Nõo vald, Tartumaa",58.282522,26.5300055,,,,
Tartu Terminal Põltsamaa teenindusjaam,Terminal,"Kuningamäe küla, 48011, Jõgeva",58.6427265,25.9371391,,,,
Tartu Terminal Põlva teenindusjaam,Terminal,"Jaama 71B, Põlva",58.0710078,27.0834777,,,,
Tartu Terminal Raadi teenindusjaam,Terminal,"CP5X+3R Tila, Tartu maakond",58.4076875,26.7495625,,,,
Tartu Terminal Saverna ,Terminal,"Saverna, 63418 Põlva maakond",58.074575,26.7142606,,,,
Tartu Terminal Tõrvandi teenindusjaam,Terminal,"Kauba tee 4, Tõrvandi",58.3217477,26.713185,,,,
Võru TÜ Võru Maksimarket,Muu,"Jüri, 83, Võru, 65604, Võru maakond",57.8353105,27.0101852,,,,
